Основной ассортимент деревьев, кустарников и лиан, рекомендуемый для озеленения различных категорий территорий города Москвы1	Основной ассортимент деревьев, кустарников и лиан, рекомендуемый для озеленения различных категорий территорий города Москвы1	Основной ассортимент деревьев, кустарников и лиан, рекомендуемый для озеленения различных категорий территорий города Москвы1	Основной ассортимент деревьев, кустарников и лиан, рекомендуемый для озеленения различных категорий территорий города Москвы1	Основной ассортимент деревьев, кустарников и лиан, рекомендуемый для озеленения различных категорий территорий города Москвы1	Основной ассортимент деревьев, кустарников и лиан, рекомендуемый для озеленения различных категорий территорий города Москвы1	Основной ассортимент деревьев, кустарников и лиан, рекомендуемый для озеленения различных категорий территорий города Москвы1	Основной ассортимент деревьев, кустарников и лиан, рекомендуемый для озеленения различных категорий территорий города Москвы1	Основной ассортимент деревьев, кустарников и лиан, рекомендуемый для озеленения различных категорий территорий города Москвы1	Основной ассортимент деревьев, кустарников и лиан, рекомендуемый для озеленения различных категорий территорий города Москвы1	Основной ассортимент деревьев, кустарников и лиан, рекомендуемый для озеленения различных категорий территорий города Москвы1
№ п/п	Наименование растений	Дворовые территории	Дошкольные учреждения	Дошкольные учреждения	Общеобразовательные и спортивные учреждения (школы, колледжи)	Учреждения здравоохранения и реабилитационные центры	Магистрали (в т.ч. шоссе, проспекты, улицы с высокоскоростным движением, кольцевые дороги и хорды) *Внутриквартальные улицы и проезды местного значения	Площади, пространства общественно-делового и торгово-развлекательного назначения (запечатанные и полузапечатанные поверхности)	Парки *Бульвары, скверы, набережные, сады	Территории производственного назначения *Озелененные территории охранных и санитарно-защитных зон
1	2	3	4	4	5	6	7	8	9	10
Основной ассортимент	Основной ассортимент	Основной ассортимент	Основной ассортимент	Основной ассортимент	Основной ассортимент	Основной ассортимент	Основной ассортимент	Основной ассортимент	Основной ассортимент	Основной ассортимент
[1] - Разрешён на всех территориях, кроме ООЗТ и ПТ, с контролем распространения (п. 5 ПП №369-ПП)	[1] - Разрешён на всех территориях, кроме ООЗТ и ПТ, с контролем распространения (п. 5 ПП №369-ПП)	[1] - Разрешён на всех территориях, кроме ООЗТ и ПТ, с контролем распространения (п. 5 ПП №369-ПП)	[1] - Разрешён на всех территориях, кроме ООЗТ и ПТ, с контролем распространения (п. 5 ПП №369-ПП)	[1] - Разрешён на всех территориях, кроме ООЗТ и ПТ, с контролем распространения (п. 5 ПП №369-ПП)	[1] - Разрешён на всех территориях, кроме ООЗТ и ПТ, с контролем распространения (п. 5 ПП №369-ПП)	[1] - Разрешён на всех территориях, кроме ООЗТ и ПТ, с контролем распространения (п. 5 ПП №369-ПП)	[1] - Разрешён на всех территориях, кроме ООЗТ и ПТ, с контролем распространения (п. 5 ПП №369-ПП)	[1] - Разрешён на всех территориях, кроме ООЗТ и ПТ, с контролем распространения (п. 5 ПП №369-ПП)	[1] - Разрешён на всех территориях, кроме ООЗТ и ПТ, с контролем распространения (п. 5 ПП №369-ПП)	[1] - Разрешён на всех территориях, кроме ООЗТ и ПТ, с контролем распространения (п. 5 ПП №369-ПП)
[2] - Не высаживать вблизи детских и спортивных площадок, мест массового пребывания детей	[2] - Не высаживать вблизи детских и спортивных площадок, мест массового пребывания детей	[2] - Не высаживать вблизи детских и спортивных площадок, мест массового пребывания детей	[2] - Не высаживать вблизи детских и спортивных площадок, мест массового пребывания детей	[2] - Не высаживать вблизи детских и спортивных площадок, мест массового пребывания детей	[2] - Не высаживать вблизи детских и спортивных площадок, мест массового пребывания детей	[2] - Не высаживать вблизи детских и спортивных площадок, мест массового пребывания детей	[2] - Не высаживать вблизи детских и спортивных площадок, мест массового пребывания детей	[2] - Не высаживать вблизи детских и спортивных площадок, мест массового пребывания детей	[2] - Не высаживать вблизи детских и спортивных площадок, мест массового пребывания детей	[2] - Не высаживать вблизи детских и спортивных площадок, мест массового пребывания детей
[3] - Требует особого ухода: защита корневой системы от травм, весеннее дождевание кроны (при посадке у дорог), мульчирование, рыхление	[3] - Требует особого ухода: защита корневой системы от травм, весеннее дождевание кроны (при посадке у дорог), мульчирование, рыхление	[3] - Требует особого ухода: защита корневой системы от травм, весеннее дождевание кроны (при посадке у дорог), мульчирование, рыхление	[3] - Требует особого ухода: защита корневой системы от травм, весеннее дождевание кроны (при посадке у дорог), мульчирование, рыхление	[3] - Требует особого ухода: защита корневой системы от травм, весеннее дождевание кроны (при посадке у дорог), мульчирование, рыхление	[3] - Требует особого ухода: защита корневой системы от травм, весеннее дождевание кроны (при посадке у дорог), мульчирование, рыхление	[3] - Требует особого ухода: защита корневой системы от травм, весеннее дождевание кроны (при посадке у дорог), мульчирование, рыхление	[3] - Требует особого ухода: защита корневой системы от травм, весеннее дождевание кроны (при посадке у дорог), мульчирование, рыхление	[3] - Требует особого ухода: защита корневой системы от травм, весеннее дождевание кроны (при посадке у дорог), мульчирование, рыхление	[3] - Требует особого ухода: защита корневой системы от травм, весеннее дождевание кроны (при посадке у дорог), мульчирование, рыхление	[3] - Требует особого ухода: защита корневой системы от травм, весеннее дождевание кроны (при посадке у дорог), мульчирование, рыхление
[4] - Требует дренированных, рыхлых, незасоленных, неуплотнённых почв. Не высаживать в зонах с застойным увлажнением и на уплотнённых грунтах	[4] - Требует дренированных, рыхлых, незасоленных, неуплотнённых почв. Не высаживать в зонах с застойным увлажнением и на уплотнённых грунтах	[4] - Требует дренированных, рыхлых, незасоленных, неуплотнённых почв. Не высаживать в зонах с застойным увлажнением и на уплотнённых грунтах	[4] - Требует дренированных, рыхлых, незасоленных, неуплотнённых почв. Не высаживать в зонах с застойным увлажнением и на уплотнённых грунтах	[4] - Требует дренированных, рыхлых, незасоленных, неуплотнённых почв. Не высаживать в зонах с застойным увлажнением и на уплотнённых грунтах	[4] - Требует дренированных, рыхлых, незасоленных, неуплотнённых почв. Не высаживать в зонах с застойным увлажнением и на уплотнённых грунтах	[4] - Требует дренированных, рыхлых, незасоленных, неуплотнённых почв. Не высаживать в зонах с застойным увлажнением и на уплотнённых грунтах	[4] - Требует дренированных, рыхлых, незасоленных, неуплотнённых почв. Не высаживать в зонах с застойным увлажнением и на уплотнённых грунтах	[4] - Требует дренированных, рыхлых, незасоленных, неуплотнённых почв. Не высаживать в зонах с застойным увлажнением и на уплотнённых грунтах	[4] - Требует дренированных, рыхлых, незасоленных, неуплотнённых почв. Не высаживать в зонах с застойным увлажнением и на уплотнённых грунтах	[4] - Требует дренированных, рыхлых, незасоленных, неуплотнённых почв. Не высаживать в зонах с застойным увлажнением и на уплотнённых грунтах
[5] - Чувствительно к противогололёдным реагентам и выхлопным газам	[5] - Чувствительно к противогололёдным реагентам и выхлопным газам	[5] - Чувствительно к противогололёдным реагентам и выхлопным газам	[5] - Чувствительно к противогололёдным реагентам и выхлопным газам	[5] - Чувствительно к противогололёдным реагентам и выхлопным газам	[5] - Чувствительно к противогололёдным реагентам и выхлопным газам	[5] - Чувствительно к противогололёдным реагентам и выхлопным газам	[5] - Чувствительно к противогололёдным реагентам и выхлопным газам	[5] - Чувствительно к противогололёдным реагентам и выхлопным газам	[5] - Чувствительно к противогололёдным реагентам и выхлопным газам	[5] - Чувствительно к противогололёдным реагентам и выхлопным газам
[6] - Не высаживать вблизи плодовых культур (яблоня, груша, айва) из-за риска распространения ржавчинных грибов	[6] - Не высаживать вблизи плодовых культур (яблоня, груша, айва) из-за риска распространения ржавчинных грибов	[6] - Не высаживать вблизи плодовых культур (яблоня, груша, айва) из-за риска распространения ржавчинных грибов	[6] - Не высаживать вблизи плодовых культур (яблоня, груша, айва) из-за риска распространения ржавчинных грибов	[6] - Не высаживать вблизи плодовых культур (яблоня, груша, айва) из-за риска распространения ржавчинных грибов	[6] - Не высаживать вблизи плодовых культур (яблоня, груша, айва) из-за риска распространения ржавчинных грибов	[6] - Не высаживать вблизи плодовых культур (яблоня, груша, айва) из-за риска распространения ржавчинных грибов	[6] - Не высаживать вблизи плодовых культур (яблоня, груша, айва) из-за риска распространения ржавчинных грибов	[6] - Не высаживать вблизи плодовых культур (яблоня, груша, айва) из-за риска распространения ржавчинных грибов	[6] - Не высаживать вблизи плодовых культур (яблоня, груша, айва) из-за риска распространения ржавчинных грибов	[6] - Не высаживать вблизи плодовых культур (яблоня, груша, айва) из-за риска распространения ржавчинных грибов
[7] - Вид с потенциалом самосева и неконтролируемого распространения. За пределами ООЗТ посадка допускается на расстоянии от 1 до 2 км от их границ при условии регулярного контроля	[7] - Вид с потенциалом самосева и неконтролируемого распространения. За пределами ООЗТ посадка допускается на расстоянии от 1 до 2 км от их границ при условии регулярного контроля	[7] - Вид с потенциалом самосева и неконтролируемого распространения. За пределами ООЗТ посадка допускается на расстоянии от 1 до 2 км от их границ при условии регулярного контроля	[7] - Вид с потенциалом самосева и неконтролируемого распространения. За пределами ООЗТ посадка допускается на расстоянии от 1 до 2 км от их границ при условии регулярного контроля	[7] - Вид с потенциалом самосева и неконтролируемого распространения. За пределами ООЗТ посадка допускается на расстоянии от 1 до 2 км от их границ при условии регулярного контроля	[7] - Вид с потенциалом самосева и неконтролируемого распространения. За пределами ООЗТ посадка допускается на расстоянии от 1 до 2 км от их границ при условии регулярного контроля	[7] - Вид с потенциалом самосева и неконтролируемого распространения. За пределами ООЗТ посадка допускается на расстоянии от 1 до 2 км от их границ при условии регулярного контроля	[7] - Вид с потенциалом самосева и неконтролируемого распространения. За пределами ООЗТ посадка допускается на расстоянии от 1 до 2 км от их границ при условии регулярного контроля	[7] - Вид с потенциалом самосева и неконтролируемого распространения. За пределами ООЗТ посадка допускается на расстоянии от 1 до 2 км от их границ при условии регулярного контроля	[7] - Вид с потенциалом самосева и неконтролируемого распространения. За пределами ООЗТ посадка допускается на расстоянии от 1 до 2 км от их границ при условии регулярного контроля	[7] - Вид с потенциалом самосева и неконтролируемого распространения. За пределами ООЗТ посадка допускается на расстоянии от 1 до 2 км от их границ при условии регулярного контроля
Хвойные деревья	Хвойные деревья	Хвойные деревья	Хвойные деревья	Хвойные деревья	Хвойные деревья	Хвойные деревья	Хвойные деревья	Хвойные деревья	Хвойные деревья	Хвойные деревья
1	Ель колючая (формы и сорта)	+	+	+	+	+	+	+	+	+
2	Ель обыкновенная/европейская [3], [4], [5] (формы и сорта)	+	+	+	+	+	-	+	+	+
3	Лиственница американская	+	+	+	+	+	-	+	+	-
4	Лиственница даурская (Гмелина)	+	+	+	+	+	-	+	+	-
5	Лиственница европейская (опадающая) (формы и сорта)	+	+	+	+	+	-	+	+	-
6	Лиственница сибирская	-	-	-	-	+	-	+	+	-
7	Сосна обыкновенная [3], [4], [5] (формы и сорта)	+	+	+	+	+	+	+	+	+
Хвойные кустарники	Хвойные кустарники	Хвойные кустарники	Хвойные кустарники	Хвойные кустарники	Хвойные кустарники	Хвойные кустарники	Хвойные кустарники	Хвойные кустарники	Хвойные кустарники	Хвойные кустарники
1	Можжевельник виргинский [2], [5], [6] (формы и сорта)	+	+	+	-	-	-	+	+	-
2	Можжевельник горизонтальный [2], [5], [6] (формы и сорта)	+	+	+	-	-	-	+	+	-
3	Можжевельник казацкий [2], [5], [6] (формы и сорта)	+	-	-	-	-	+	+	+	+
4	Можжевельник средний Пфитцериана [2], [5], [6] (формы и сорта)	+	+	+	-	-	-	+	+	-
5	Можжевельник скальный [2], [5], [6] (формы и сорта)	+	+	+	-	-	-	+	+	-
6	Сосна горная (формы и сорта) [5]	+	+	+	+	+	+	+	+	+
Лиственные деревья	Лиственные деревья	Лиственные деревья	Лиственные деревья	Лиственные деревья	Лиственные деревья	Лиственные деревья	Лиственные деревья	Лиственные деревья	Лиственные деревья	Лиственные деревья
1	Бархат Амурский	+	-	-	+	+	-	+	+	-
2	Береза повислая/плакучая (формы и сорта)	+	+	+	+	-	+	+	+	+
3	Береза пушистая (формы и сорта)	+	+	+	+	-	+	+	+	+
4	Боярышник Арнольда [2]	+	-	-	-	+	+	+	+	+
5	Боярышник крупноколючковый [2]	+	-	-	-	+	+	+	+	+
6	Боярышник перистонадрезанный [2]	+	-	-	-	+	+	+	+	+
7	Боярышник полумягкий/мягковатый [2]	+	-	-	-	+	+	+	+	+
8	Боярышник сливолистный [2]	+	-	-	-	+	+	+	+	+
9	Боярышник точечный [2]	+	-	-	-	+	+	+	+	+
10	Боярышник чёрный [2]	+	-	-	-	+	+	+	+	+
11	Вишня обыкновенная [2]	+	-	-	-	+	-	+	+	-
12	Вяз гибридный Резиста	+	+	+	+	+	+	+	+	+
13	Вяз перисто-ветвистый	+	+	+	+	+	+	+	+	+
14	Вяз приземистый	+	+	+	+	+	+	+	+	+
15	Груша уссурийская [2]	+	-	-	-	+	-	+	+	-
16	Дуб красный [1]	+	+	+	+	+	-	+	+	-
17	Дуб черешчатый (формы и сорта)	+	-	-	-	+	-	+	+	-
18	Ива белая (формы и сорта)	-	-	-	-	+	+	+	+	+
19	Ива ломкая ф. «Bullata»	+	+	+	+	+	+	+	+	+
20	Ива прутовидная	+	+	+	+	+	+	+	+	+
21	Ивы свердловской селекции (формы и сорта)	+	+	+	+	+	+	+	+	+
22	Ива Шверина	+	+	+	+	+	-	+	+	-
23	Кладрастис желтый	+	+	+	+	+	+	+	+	+
24	Клен гиннала/приречный	+	+	+	+	+	+	+	+	+
25	Клен красный (формы и сорта)	+	+	+	+	+	-	+	+	-
26	Клен остролистный (формы и сорта)	+	+	+	+	+	+	+	+	+
27	Клен сахаристый/серебристый (формы и сорта)	+	+	+	+	+	+	+	-	+
28	Клен татарский	+	+	+	+	+	+	+	+	+
29	Конский каштан восьмитычинковый	+	-	-	+	+	-	+	+	-
30	Конский каштан мясо-красный	+	-	-	+	+	-	+	+	-
31	Липа американская [3]	+	+	+	+	+	+	+	+	-
32	Липа крупнолистная [3] (формы и сорта)	+	+	+	+	+	+	+	+	+
33	Липа мелколистная/сердцевидная [3] (формы и сорта)	+	+	+	+	+	+	+	+	+
34	Липа обыкновенная/европейская [3] (формы и сорта)	+	+	+	+	+	+	+	+	+
35	Ольха серая (формы и сорта)	-	-	-	-	-	-	+	+	-
36	Ольха черная (формы и сорта)	-	-	-	-	-	-	+	+	-
37	Орех маньчжурский [1]	-	-	-	+	+	-	-	-	+
38	Орех серый	-	-	-	-	-	-	+	+	-
39	Робиния лжеакация/акация белая [1]	+	-	-	+	+	+	+	-	-
40	Рябина ария [2] (формы и сорта)	+	-	-	-	+	+	+	+	+
41	Рябина гибридная [2] (формы и сорта)	+	-	-	-	+	+	+	+	+
42	Рябина обыкновенная [2] (формы и сорта)	+	-	-	-	+	+	+	+	+
43	Рябина промежуточная [2] (формы и сорта)	+	-	-	-	+	+	+	+	+
44	Рябина тюрингская/дуболистная [2] (формы и сорта)	+	-	-	-	+	+	+	+	+
45	Слива домашняя [2] (формы и сорта)	+	-	-	-	+	-	+	+	-
46	Слива колючая/терн [2]	+	-	-	-	+	-	+	+	+
47	Слива растопыренная [2]	+	-	-	-	+	-	+	+	+
48	Тополь бальзамический (муж. клоны)	+	+	+	+	+	+	+	+	+
49	Тополь белый/серебристый (муж. клоны) (формы и сорта)	+	+	+	+	+	+	+	+	+
50	Тополь берлинский (муж. клоны)	+	+	+	+	+	+	+	+	+
51	Тополь дрожащий/осина (муж. клоны)	-	-	-	-	-	+	-	-	+
52	Тополь канадский (муж. клоны)	+	+	+	+	+	-	+	+	+
53	Тополь Симона (муж. клоны) (формы и сорта)	+	+	+	+	+	+	+	+	+
54	Тополь советский Пирамидальный (муж. клоны)	+	+	+	+	+	+	+	+	+
55	Черемуха виргинская [1] (формы и сорта)	+	-	-	-	+	-	+	+	-
56	Черемуха Маака [2]	+	-	-	-	+	+	+	+	+
57	Черемуха обыкновенная [2] (формы и сорта)	+	-	-	-	+	+	+	+	+
58	Черемуха поздняя [2] (формы и сорта)	+	-	-	-	+	+	+	+	-
59	Яблоня Недзведцкого [2]	+	-	-	-	+	-	+	+	+
60	Яблоня обильноцветущая [2]	+	-	-	-	+	-	+	+	+
61	Яблоня сливолистная [2]	+	-	-	-	+	-	+	+	+
62	Яблоня ягодная [2] (формы и сорта)	+	-	-	-	+	-	+	+	+
Лиственные кустарники	Лиственные кустарники	Лиственные кустарники	Лиственные кустарники	Лиственные кустарники	Лиственные кустарники	Лиственные кустарники	Лиственные кустарники	Лиственные кустарники	Лиственные кустарники	Лиственные кустарники
1	Аморфа кустарниковая [1]	+	+	+	+	+	+	+	+	+
2	Арония черноплодная/Мичурина [2] (формы и сорта)	+	+	-	-	+	+	+	+	+
3	Барбарис амурский [2]	+	+	-	-	+	-	+	+	+
4	Барбарис обыкновенный [2] (формы и сорта)	+	+	-	-	+	+	+	+	+
5	Барбарис оттавский [2] (формы и сорта)	+	+	-	-	+	-	+	+	-
6	Барбарис Тунберга [2] (формы и сорта)	+	+	-	-	+	+	+	+	+
7	Бересклет бородавчатый [2]	+	+	-	-	+	-	+	+	-
8	Бересклет европейский [2] (формы и сорта)	+	+	-	-	+	-	+	+	-
9	Бересклет крылатый [2] (формы и сорта)	+	+	-	-	+	-	+	+	-
10	Бересклет Маака [2]	+	+	-	-	+	-	+	+	-
11	Бирючина обыкновенная [2] (формы и сорта)	+	+	-	-	+	-	+	+	-
12	Боярышник Арнольда [2]	+	+	-	-	+	-	+	+	+
13	Боярышник кроваво-красный [2]	+	+	-	-	+	+	+	+	+
14	Боярышник обыкновенный/колючий [2]	+	+	-	-	+	-	+	+	+
15	Боярышник однопестичный [2] (формы и сорта)	+	+	-	-	+	-	+	+	+
16	Боярышник перистонадрезанный [2]	+	+	-	-	+	+	+	+	+
17	Боярышник полумягкий/мягковатый [2]	+	+	-	-	+	+	+	+	+
18	Боярышник сливолистный [2]	+	+	-	-	+	+	+	+	+
19	Бузина канадская «Аurea»	+	+	-	-	+	-	+	+	+
20	Бузина красная/кистистая [2]	-	-	-	-	-	-	-	+	+
21	Бузина черная (формы и сорта)	+	+	-	-	+	-	+	+	+
22	Гортензия Бреттшнейдера	+	+	+	+	+	+	+	+	+
23	Гортензия древовидная (формы и сорта)	+	+	+	+	+	+	+	+	+
24	Гортензия метельчатая (формы и сорта)	+	+	+	+	+	-	+	+	+
25	Дерен белый/сибирский [1] (формы и сорта)	+	+	-	+	+	+	+	+	+
26	Дерен кроваво-красный (формы и сорта)	+	+	-	-	+	+	+	+	+
27	Дерен отпрысковый ф. «Флавирамея»	+	+	-	-	+	+	+	+	+
28	Жимолость альпийская	+	+	-	-	+	+	+	+	+
29	Жимолость золотистая	+	+	-	-	+	+	+	+	+
30	Жимолость Королькова	-	-	-	-	+	-	+	+	+
31	Жимолость Маака	+	+	-	-	+	+	+	+	+
32	Жимолость Максимовича	+	+	-	-	+	+	+	+	+
33	Жимолость обыкновенная	+	+	-	-	+	+	-	+	-
34	Жимолость татарская (формы и сорта)	-	-	-	-	+	+	+	+	+
35	Ива пурпурная ф. «Nana»	+	+	+	+	+	-	+	+	-
36	Ирга канадская/Ирга Ламарка	+	+	-	-	+	+	+	+	+
37	Ирга колосистая [1]	+	+	-	-	+	+	+	+	+
38	Ирга круглолистная [7]	+	+	-	-	+	-	+	+	-
39	Калина гордовина (формы и сорта)	+	+	-	-	+	-	+	+	-
40	Калина обыкновенная (формы и сорта)	+	+	-	-	+	-	+	+	-
41	Калина Саржента (формы и сорта)	+	+	-	-	+	-	+	+	-
42	Карагана древовидная/акация желтая (формы и сорта)	+	+	-	-	+	+	+	-	+
43	Карагана кустарниковая	+	+	-	-	+	+	+	+	+
44	Кизильник блестящий	+	+	+	+	+	+	+	+	+
45	Лапчатка кустарниковая (формы и сорта)	+	+	+	+	+	+	+	+	+
46	Лещина обыкновенная (формы и сорта)	+	+	-	-	-	+	+	+	+
47	Лещина пурпурнолистная	+	+	-	-	-	+	+	+	+
48	Лох серебристый	+	+	-	-	+	+	+	+	+
49	Лох узколистный	+	+	-	-	+	+	+	+	+
50	Магония падуболистная (формы и сорта)	+	+	-	-	+	-	+	+	-
51	Пузыреплодник калинолистный [1] (формы и сорта)	+	+	+	+	+	+	+	+	+
52	Роза бедренцеволистная	+	+	-	-	+	+	+	+	+
53	Роза морщинистая [1] (формы и сорта)	+	+	-	-	+	+	+	-	+
54	Роза сизая	+	+	-	-	+	+	+	+	+
55	Роза собачья	+	+	-	-	+	+	+	+	+
56	Рябинник рябинолистный [1] (формы и сорта)	+	+	+	+	+	+	+	+	+
57	Сирень амурская	+	+	+	+	-	+	+	+	-
58	Сирень венгерская	+	+	+	+	+	+	+	+	+
59	Сирень обыкновенная (формы и сорта)	+	+	+	+	+	+	+	+	+
60	Сирень Престон (сорта)	+	+	+	+	+	+	+	+	+
61	Смородина альпийская (формы и сорта)	+	+	-	-	+	+	+	+	+
62	Смородина железистая	+	+	-	-	+	+	+	+	+
63	Смородина золотистая	+	+	-	-	+	+	+	+	+
64	Смородина красная	+	+	-	-	+	-	+	+	-
65	Снежноягодник белый [7] (формы и сорта)	+	+	-	-	+	+	+	-	+
66	Спирея березолистная (формы и сорта)	+	+	+	+	+	+	+	+	+
67	Спирея Билларда (формы и сорта)	+	+	+	+	+	+	+	+	+
68	Спирея Бумальда (формы и сорта)	+	+	+	+	+	+	+	+	+
69	Спирея Вангутта (формы и сорта)	+	+	+	+	+	+	+	+	+
70	Спирея дубравколистная	+	+	+	+	+	+	+	+	+
71	Спирея Дугласа (формы и сорта)	+	+	+	+	+	+	+	+	+
72	Спирея иволистная (формы и сорта)	+	+	+	+	+	+	+	+	+
73	Спирея ниппонская (формы и сорта)	+	+	+	+	+	+	+	+	+
74	Спирея острозубчатая	+	+	+	+	+	+	+	+	+
75	Спирея серая (формы и сорта)	+	+	+	+	+	+	+	+	+
76	Спирея средняя (формы и сорта)	+	+	+	+	+	+	+	+	+
77	Спирея трехлопастная	+	+	+	+	+	+	+	+	+
78	Спирея японская (формы и сорта)	+	+	+	+	+	+	+	+	+
79	Форзиция обратнояйцевидная	+	+	+	+	+	-	+	+	-
80	Хеномелес японский	+	+	-	-	+	-	+	+	-
81	Чубушник венечный (формы и сорта)	+	+	+	+	+	+	+	+	+
82	Чубушник Лемуана (формы и сорта)	+	+	+	+	+	+	+	+	+
83	Чубушник мелколистный	+	+	+	+	+	+	+	+	+
Лианы	Лианы	Лианы	Лианы	Лианы	Лианы	Лианы	Лианы	Лианы	Лианы	Лианы
1	Актинидия коломикта	+	-	-	-	+	-	+	+	-
2	Виноград амурский	+	-	-	-	+	-	+	+	-
3	Девичий виноград пятилисточковый [1]	+	+	+	+	+	-	+	+	-
4	Жимолость каприфоль	+	-	-	+	+	-	+	+	+
5	Клематис сибирский	+	-	-	+	+	-	+	+	-
6	Лимонник китайский	+	-	-	-	+	-	+	+	-
Дополнительный ассортимент деревьев, кустарников и лиан, рекомендуемый для озеленения различных категорий территорий города Москвы1	Дополнительный ассортимент деревьев, кустарников и лиан, рекомендуемый для озеленения различных категорий территорий города Москвы1	Дополнительный ассортимент деревьев, кустарников и лиан, рекомендуемый для озеленения различных категорий территорий города Москвы1	Дополнительный ассортимент деревьев, кустарников и лиан, рекомендуемый для озеленения различных категорий территорий города Москвы1	Дополнительный ассортимент деревьев, кустарников и лиан, рекомендуемый для озеленения различных категорий территорий города Москвы1	Дополнительный ассортимент деревьев, кустарников и лиан, рекомендуемый для озеленения различных категорий территорий города Москвы1	Дополнительный ассортимент деревьев, кустарников и лиан, рекомендуемый для озеленения различных категорий территорий города Москвы1	Дополнительный ассортимент деревьев, кустарников и лиан, рекомендуемый для озеленения различных категорий территорий города Москвы1	Дополнительный ассортимент деревьев, кустарников и лиан, рекомендуемый для озеленения различных категорий территорий города Москвы1	Дополнительный ассортимент деревьев, кустарников и лиан, рекомендуемый для озеленения различных категорий территорий города Москвы1	Дополнительный ассортимент деревьев, кустарников и лиан, рекомендуемый для озеленения различных категорий территорий города Москвы1
[1] - Разрешён на всех территориях, кроме ООЗТ и ПТ, с контролем распространения (п. 5 ПП №369-ПП)	[1] - Разрешён на всех территориях, кроме ООЗТ и ПТ, с контролем распространения (п. 5 ПП №369-ПП)	[1] - Разрешён на всех территориях, кроме ООЗТ и ПТ, с контролем распространения (п. 5 ПП №369-ПП)	[1] - Разрешён на всех территориях, кроме ООЗТ и ПТ, с контролем распространения (п. 5 ПП №369-ПП)	[1] - Разрешён на всех территориях, кроме ООЗТ и ПТ, с контролем распространения (п. 5 ПП №369-ПП)	[1] - Разрешён на всех территориях, кроме ООЗТ и ПТ, с контролем распространения (п. 5 ПП №369-ПП)	[1] - Разрешён на всех территориях, кроме ООЗТ и ПТ, с контролем распространения (п. 5 ПП №369-ПП)	[1] - Разрешён на всех территориях, кроме ООЗТ и ПТ, с контролем распространения (п. 5 ПП №369-ПП)	[1] - Разрешён на всех территориях, кроме ООЗТ и ПТ, с контролем распространения (п. 5 ПП №369-ПП)	[1] - Разрешён на всех территориях, кроме ООЗТ и ПТ, с контролем распространения (п. 5 ПП №369-ПП)	[1] - Разрешён на всех территориях, кроме ООЗТ и ПТ, с контролем распространения (п. 5 ПП №369-ПП)
[2] - Не высаживать вблизи детских и спортивных площадок, мест массового пребывания детей	[2] - Не высаживать вблизи детских и спортивных площадок, мест массового пребывания детей	[2] - Не высаживать вблизи детских и спортивных площадок, мест массового пребывания детей	[2] - Не высаживать вблизи детских и спортивных площадок, мест массового пребывания детей	[2] - Не высаживать вблизи детских и спортивных площадок, мест массового пребывания детей	[2] - Не высаживать вблизи детских и спортивных площадок, мест массового пребывания детей	[2] - Не высаживать вблизи детских и спортивных площадок, мест массового пребывания детей	[2] - Не высаживать вблизи детских и спортивных площадок, мест массового пребывания детей	[2] - Не высаживать вблизи детских и спортивных площадок, мест массового пребывания детей	[2] - Не высаживать вблизи детских и спортивных площадок, мест массового пребывания детей	[2] - Не высаживать вблизи детских и спортивных площадок, мест массового пребывания детей
[3] - Требует особого ухода: защита корневой системы от травм, весеннее дождевание кроны (при посадке у дорог), мульчирование, рыхление	[3] - Требует особого ухода: защита корневой системы от травм, весеннее дождевание кроны (при посадке у дорог), мульчирование, рыхление	[3] - Требует особого ухода: защита корневой системы от травм, весеннее дождевание кроны (при посадке у дорог), мульчирование, рыхление	[3] - Требует особого ухода: защита корневой системы от травм, весеннее дождевание кроны (при посадке у дорог), мульчирование, рыхление	[3] - Требует особого ухода: защита корневой системы от травм, весеннее дождевание кроны (при посадке у дорог), мульчирование, рыхление	[3] - Требует особого ухода: защита корневой системы от травм, весеннее дождевание кроны (при посадке у дорог), мульчирование, рыхление	[3] - Требует особого ухода: защита корневой системы от травм, весеннее дождевание кроны (при посадке у дорог), мульчирование, рыхление	[3] - Требует особого ухода: защита корневой системы от травм, весеннее дождевание кроны (при посадке у дорог), мульчирование, рыхление	[3] - Требует особого ухода: защита корневой системы от травм, весеннее дождевание кроны (при посадке у дорог), мульчирование, рыхление	[3] - Требует особого ухода: защита корневой системы от травм, весеннее дождевание кроны (при посадке у дорог), мульчирование, рыхление	[3] - Требует особого ухода: защита корневой системы от травм, весеннее дождевание кроны (при посадке у дорог), мульчирование, рыхление
[4] - Требует дренированных, рыхлых, незасоленных, неуплотнённых почв. Не высаживать в зонах с застойным увлажнением и на уплотнённых грунтах	[4] - Требует дренированных, рыхлых, незасоленных, неуплотнённых почв. Не высаживать в зонах с застойным увлажнением и на уплотнённых грунтах	[4] - Требует дренированных, рыхлых, незасоленных, неуплотнённых почв. Не высаживать в зонах с застойным увлажнением и на уплотнённых грунтах	[4] - Требует дренированных, рыхлых, незасоленных, неуплотнённых почв. Не высаживать в зонах с застойным увлажнением и на уплотнённых грунтах	[4] - Требует дренированных, рыхлых, незасоленных, неуплотнённых почв. Не высаживать в зонах с застойным увлажнением и на уплотнённых грунтах	[4] - Требует дренированных, рыхлых, незасоленных, неуплотнённых почв. Не высаживать в зонах с застойным увлажнением и на уплотнённых грунтах	[4] - Требует дренированных, рыхлых, незасоленных, неуплотнённых почв. Не высаживать в зонах с застойным увлажнением и на уплотнённых грунтах	[4] - Требует дренированных, рыхлых, незасоленных, неуплотнённых почв. Не высаживать в зонах с застойным увлажнением и на уплотнённых грунтах	[4] - Требует дренированных, рыхлых, незасоленных, неуплотнённых почв. Не высаживать в зонах с застойным увлажнением и на уплотнённых грунтах	[4] - Требует дренированных, рыхлых, незасоленных, неуплотнённых почв. Не высаживать в зонах с застойным увлажнением и на уплотнённых грунтах	[4] - Требует дренированных, рыхлых, незасоленных, неуплотнённых почв. Не высаживать в зонах с застойным увлажнением и на уплотнённых грунтах
[5] - Чувствительно к противогололёдным реагентам и выхлопным газам	[5] - Чувствительно к противогололёдным реагентам и выхлопным газам	[5] - Чувствительно к противогололёдным реагентам и выхлопным газам	[5] - Чувствительно к противогололёдным реагентам и выхлопным газам	[5] - Чувствительно к противогололёдным реагентам и выхлопным газам	[5] - Чувствительно к противогололёдным реагентам и выхлопным газам	[5] - Чувствительно к противогололёдным реагентам и выхлопным газам	[5] - Чувствительно к противогололёдным реагентам и выхлопным газам	[5] - Чувствительно к противогололёдным реагентам и выхлопным газам	[5] - Чувствительно к противогололёдным реагентам и выхлопным газам	[5] - Чувствительно к противогололёдным реагентам и выхлопным газам
[6] - Не высаживать вблизи плодовых культур (яблоня, груша, айва) из-за риска распространения ржавчинных грибов	[6] - Не высаживать вблизи плодовых культур (яблоня, груша, айва) из-за риска распространения ржавчинных грибов	[6] - Не высаживать вблизи плодовых культур (яблоня, груша, айва) из-за риска распространения ржавчинных грибов	[6] - Не высаживать вблизи плодовых культур (яблоня, груша, айва) из-за риска распространения ржавчинных грибов	[6] - Не высаживать вблизи плодовых культур (яблоня, груша, айва) из-за риска распространения ржавчинных грибов	[6] - Не высаживать вблизи плодовых культур (яблоня, груша, айва) из-за риска распространения ржавчинных грибов	[6] - Не высаживать вблизи плодовых культур (яблоня, груша, айва) из-за риска распространения ржавчинных грибов	[6] - Не высаживать вблизи плодовых культур (яблоня, груша, айва) из-за риска распространения ржавчинных грибов	[6] - Не высаживать вблизи плодовых культур (яблоня, груша, айва) из-за риска распространения ржавчинных грибов	[6] - Не высаживать вблизи плодовых культур (яблоня, груша, айва) из-за риска распространения ржавчинных грибов	[6] - Не высаживать вблизи плодовых культур (яблоня, груша, айва) из-за риска распространения ржавчинных грибов
[7] - Вид с потенциалом самосева и неконтролируемого распространения. За пределами ООЗТ посадка допускается на расстоянии от 1 до 2 км от их границ при условии регулярного контроля	[7] - Вид с потенциалом самосева и неконтролируемого распространения. За пределами ООЗТ посадка допускается на расстоянии от 1 до 2 км от их границ при условии регулярного контроля	[7] - Вид с потенциалом самосева и неконтролируемого распространения. За пределами ООЗТ посадка допускается на расстоянии от 1 до 2 км от их границ при условии регулярного контроля	[7] - Вид с потенциалом самосева и неконтролируемого распространения. За пределами ООЗТ посадка допускается на расстоянии от 1 до 2 км от их границ при условии регулярного контроля	[7] - Вид с потенциалом самосева и неконтролируемого распространения. За пределами ООЗТ посадка допускается на расстоянии от 1 до 2 км от их границ при условии регулярного контроля	[7] - Вид с потенциалом самосева и неконтролируемого распространения. За пределами ООЗТ посадка допускается на расстоянии от 1 до 2 км от их границ при условии регулярного контроля	[7] - Вид с потенциалом самосева и неконтролируемого распространения. За пределами ООЗТ посадка допускается на расстоянии от 1 до 2 км от их границ при условии регулярного контроля	[7] - Вид с потенциалом самосева и неконтролируемого распространения. За пределами ООЗТ посадка допускается на расстоянии от 1 до 2 км от их границ при условии регулярного контроля	[7] - Вид с потенциалом самосева и неконтролируемого распространения. За пределами ООЗТ посадка допускается на расстоянии от 1 до 2 км от их границ при условии регулярного контроля	[7] - Вид с потенциалом самосева и неконтролируемого распространения. За пределами ООЗТ посадка допускается на расстоянии от 1 до 2 км от их границ при условии регулярного контроля	[7] - Вид с потенциалом самосева и неконтролируемого распространения. За пределами ООЗТ посадка допускается на расстоянии от 1 до 2 км от их границ при условии регулярного контроля
Хвойные деревья	Хвойные деревья	Хвойные деревья	Хвойные деревья	Хвойные деревья	Хвойные деревья	Хвойные деревья	Хвойные деревья	Хвойные деревья	Хвойные деревья	Хвойные деревья
1	Ель канадская/сизая (формы и сорта)	+	+	+	+	+	-	+	+	-
2	Ель сербская [4] (формы и сорта)	+	+	+	+	+	-	+	+	+
3	Ель шероховатая [4]	+	+	+	+	+	-	+	+	+
4	Ель Энгельмана	+	+	+	+	+	-	+	+	-
5	Кипарисовик горохоплодный	+	+	+	+	+	-	+	+	-
6	Лиственница Кемфера	+	+	+	+	+	+	+	+	+
7	Лиственница Сукачева	+	+	+	+	+	+	+	+	+
8	Пихта бальзамическая [3], [4], [5] (формы и сорта)	+	+	+	+	+	-	+	+	-
9	Пихта Вича	+	+	+	+	+	-	+	+	-
10	Пихта одноцветная (формы и сорта)	+	+	+	+	+	-	+	+	-
11	Пихта сибирская [3], [4], [5]	+	+	+	+	+	-	+	+	-
12	Псевдотсуга Мензиса сизая	+	+	+	+	+	-	+	+	-
13	Сосна Веймутова [4] (формы и сорта)	+	+	+	+	+	-	-	+	-
14	Сосна кедровая европейская	+	+	+	+	+	-	+	+	-
15	Сосна кедровая корейская	+	+	+	+	+	-	+	+	-
16	Сосна кедровая сибирская	+	+	+	+	+	-	+	+	-
17	Сосна кедровая стланиковая (кедровый стланик)	+	+	+	+	+	-	+	+	-
18	Сосна румелийская (формы и сорта)	+	+	+	+	+	-	-	+	-
19	Сосна черная австрийская	+	+	+	+	+	-	+	+	+
20	Туя западная (формы и сорта)	+	+	+	+	+	-	+	+	+
Хвойные кустарники	Хвойные кустарники	Хвойные кустарники	Хвойные кустарники	Хвойные кустарники	Хвойные кустарники	Хвойные кустарники	Хвойные кустарники	Хвойные кустарники	Хвойные кустарники	Хвойные кустарники
1	Микробиота перекрёстнопарная	-	+	+	+	+	-	+	+	+
2	Можжевельник китайский [5], [6] (формы и сорта)	+	+	+	+	+	-	+	+	-
3	Можжевельник чешуйчатый [5], [6] (формы и сорта)	+	+	+	+	+	-	+	+	-
Лиственные деревья	Лиственные деревья	Лиственные деревья	Лиственные деревья	Лиственные деревья	Лиственные деревья	Лиственные деревья	Лиственные деревья	Лиственные деревья	Лиственные деревья	Лиственные деревья
1	Багряник японский	+	+	+	+	+	-	+	+	+
2	Береза бумажная	+	+	+	+	+	+	+	+	+
3	Берёза вишнёвая	+	+	+	+	+	-	+	+	+
4	Береза ребристая (формы и сорта)	+	-	-	-	+	+	+	+	+
5	Береза черная (формы и сорта)	-	-	-	-	-	-	+	+	-
6	Береза Эрмана/каменная (формы и сорта)	-	-	-	-	-	-	+	+	-
7	Боярышник зеленомясый	+	-	-	-	+	+	+	+	+
8	Вяз шершавый (формы и сорта)	+	+	+	+	+	-	+	+	+
9	Груша иволистная (формы и сорта)	+	-	-	-	+	+	+	+	+
10	Груша обыкновенная	+	-	-	-	+	-	+	+	-
11	Дуб монгольский	+	-	-	-	+	-	+	+	-
12	Ива козья (формы и сорта)	-	-	-	-	-	-	-	+	+
13	Ива пятитычинковая	+	+	+	+	+	+	+	+	+
14	Ива росистая	+	+	+	+	+	+	+	+	+
15	Ива цельнолистная	+	+	+	+	+	+	+	+	+
16	Клен зеленокорый	+	+	+	+	+	-	+	+	+
17	Клён колосистый	+	+	+	+	+	+	+	+	+
18	Клен ложнозибольдов	+	+	+	+	+	-	+	+	+
19	Клен маньчжурский	+	+	+	+	+	-	+	+	+
20	Клён мелколистный	+	+	+	+	+	+	+	+	+
21	Липа войлочная/серебристая [3]	+	+	+	+	+	+	+	+	+
22	Липа монгольская [3]	+	+	+	+	+	+	+	+	+
23	Маакия амурская	+	-	-	-	+	-	+	+	-
24	Рябина Арнольда (сорта)	+	-	-	-	+	-	+	+	-
25	Рябина бузинолистная	+	-	-	-	+	+	+	+	+
26	Рябина кашмирская	+	+	+	+	+	+	+	+	+
27	Рябина Мужо	+	+	+	+	+	+	+	+	+
28	Тополь лавролистный	-	-	-	-	-	+	-	-	+
29	Тополь Максимовича (муж. клоны)	-	-	-	-	-	+	-	-	+
30	Тополь черный (муж. клоны)	-	-	-	-	-	+	+	+	+
31	Черемуха пенсильванская	+	-	-	+	+	-	+	+	+
32	Яблоня Зибольда	+	-	-	+	+	-	+	+	+
33	Яблоня Саржента	+	+	+	+	+	-	+	+	+
34	Ясень маньчжурский	+	+	+	+	+	-	+	+	-
Лиственные кустарники	Лиственные кустарники	Лиственные кустарники	Лиственные кустарники	Лиственные кустарники	Лиственные кустарники	Лиственные кустарники	Лиственные кустарники	Лиственные кустарники	Лиственные кустарники	Лиственные кустарники
1	Барбарис Вильсон [2]	+	-	-	-	+	-	+	+	+
2	Бересклет Форчуна [2] (формы и сорта)	+	-	-	-	+	-	+	+	-
3	Боярышник Максимовича	+	-	-	-	+	+	+	+	+
4	Вейгела Миддендорфа	-	-	-	+	+	-	+	+	-
5	Вишня войлочная	+	-	-	-	+	-	+	+	+
6	Дёрен Бейли	+	-	-	-	+	+	+	+	+
7	Дёрен Вальтера	+	-	-	-	+	+	+	+	+
8	Жёстер даурский	+	-	-	-	+	-	+	+	-
9	Жимолость Максимовича	+	-	-	-	+	-	+	+	+
10	Жимолость покрывальная	+	-	-	-	+	-	+	+	+
11	Кизильник горизонтальный	+	-	-	-	+	-	+	+	+
12	Миндаль низкий/степной	+	-	-	+	+	-	+	+	+
13	Ракитник русский [2]	+	-	-	-	+	-	+	+	+
14	Рододендрон даурский	-	+	+	+	+	-	+	+	-
15	Сирень Вольфа	+	+	+	+	+	-	+	+	-
16	Сирень Комарова	+	+	+	+	+	-	+	+	+
17	Скумпия обыкновенная/кожевенная (формы и сорта)	+	+	+	+	+	-	+	+	-
18	Снежноягодник Доренбоза	+	-	-	-	+	+	+	+	+
19	Стефанандра надрезаннолистная	+	+	+	+	+	-	+	+	-
20	Стефанандра Танаки	+	+	+	+	+	-	+	+	-
21	Экзохорда тяньшанская	+	+	+	+	+	-	+	+	+
Лианы	Лианы	Лианы	Лианы	Лианы	Лианы	Лианы	Лианы	Лианы	Лианы	Лианы
1	Аристолохия крупнолистная	+	-	-	-	+	-	+	+	-
2	Аристолохия маньчжурская	+	-	-	-	+	-	+	+	-
3	Гортензия черешковая	+	-	-	-	+	-	+	+	-
4	Древогубец круглолистный [7]	-	-	-	-	+	-	+	+	-
5	Жимолость вьющаяся									
6	Клематис тангутский	+	+	+	+	+	-	+	+	-
1 На территориях ботанических, зоологических садов, кладбищ, мемориальных комплексов и религиозных организаций породный состав для озеленения определяется балансодержателем. В границах особо охраняемых природных территорий, особо охраняемых зеленых территорий, природных территорий на участках, занятых естественными растительными сообществами, породный состав определяется на основании проекта мероприятий по сохранению, развитию и воспроизводству насаждений.	1 На территориях ботанических, зоологических садов, кладбищ, мемориальных комплексов и религиозных организаций породный состав для озеленения определяется балансодержателем. В границах особо охраняемых природных территорий, особо охраняемых зеленых территорий, природных территорий на участках, занятых естественными растительными сообществами, породный состав определяется на основании проекта мероприятий по сохранению, развитию и воспроизводству насаждений.	1 На территориях ботанических, зоологических садов, кладбищ, мемориальных комплексов и религиозных организаций породный состав для озеленения определяется балансодержателем. В границах особо охраняемых природных территорий, особо охраняемых зеленых территорий, природных территорий на участках, занятых естественными растительными сообществами, породный состав определяется на основании проекта мероприятий по сохранению, развитию и воспроизводству насаждений.	1 На территориях ботанических, зоологических садов, кладбищ, мемориальных комплексов и религиозных организаций породный состав для озеленения определяется балансодержателем. В границах особо охраняемых природных территорий, особо охраняемых зеленых территорий, природных территорий на участках, занятых естественными растительными сообществами, породный состав определяется на основании проекта мероприятий по сохранению, развитию и воспроизводству насаждений.	1 На территориях ботанических, зоологических садов, кладбищ, мемориальных комплексов и религиозных организаций породный состав для озеленения определяется балансодержателем. В границах особо охраняемых природных территорий, особо охраняемых зеленых территорий, природных территорий на участках, занятых естественными растительными сообществами, породный состав определяется на основании проекта мероприятий по сохранению, развитию и воспроизводству насаждений.	1 На территориях ботанических, зоологических садов, кладбищ, мемориальных комплексов и религиозных организаций породный состав для озеленения определяется балансодержателем. В границах особо охраняемых природных территорий, особо охраняемых зеленых территорий, природных территорий на участках, занятых естественными растительными сообществами, породный состав определяется на основании проекта мероприятий по сохранению, развитию и воспроизводству насаждений.	1 На территориях ботанических, зоологических садов, кладбищ, мемориальных комплексов и религиозных организаций породный состав для озеленения определяется балансодержателем. В границах особо охраняемых природных территорий, особо охраняемых зеленых территорий, природных территорий на участках, занятых естественными растительными сообществами, породный состав определяется на основании проекта мероприятий по сохранению, развитию и воспроизводству насаждений.	1 На территориях ботанических, зоологических садов, кладбищ, мемориальных комплексов и религиозных организаций породный состав для озеленения определяется балансодержателем. В границах особо охраняемых природных территорий, особо охраняемых зеленых территорий, природных территорий на участках, занятых естественными растительными сообществами, породный состав определяется на основании проекта мероприятий по сохранению, развитию и воспроизводству насаждений.	1 На территориях ботанических, зоологических садов, кладбищ, мемориальных комплексов и религиозных организаций породный состав для озеленения определяется балансодержателем. В границах особо охраняемых природных территорий, особо охраняемых зеленых территорий, природных территорий на участках, занятых естественными растительными сообществами, породный состав определяется на основании проекта мероприятий по сохранению, развитию и воспроизводству насаждений.	1 На территориях ботанических, зоологических садов, кладбищ, мемориальных комплексов и религиозных организаций породный состав для озеленения определяется балансодержателем. В границах особо охраняемых природных территорий, особо охраняемых зеленых территорий, природных территорий на участках, занятых естественными растительными сообществами, породный состав определяется на основании проекта мероприятий по сохранению, развитию и воспроизводству насаждений.	1 На территориях ботанических, зоологических садов, кладбищ, мемориальных комплексов и религиозных организаций породный состав для озеленения определяется балансодержателем. В границах особо охраняемых природных территорий, особо охраняемых зеленых территорий, природных территорий на участках, занятых естественными растительными сообществами, породный состав определяется на основании проекта мероприятий по сохранению, развитию и воспроизводству насаждений.
На территориях инклюзивных площадок для людей с ограниченными возможностями породный состав определяется на основании проекта мероприятий по сохранению, развитию и воспроизводству насаждений.	На территориях инклюзивных площадок для людей с ограниченными возможностями породный состав определяется на основании проекта мероприятий по сохранению, развитию и воспроизводству насаждений.	На территориях инклюзивных площадок для людей с ограниченными возможностями породный состав определяется на основании проекта мероприятий по сохранению, развитию и воспроизводству насаждений.	На территориях инклюзивных площадок для людей с ограниченными возможностями породный состав определяется на основании проекта мероприятий по сохранению, развитию и воспроизводству насаждений.	На территориях инклюзивных площадок для людей с ограниченными возможностями породный состав определяется на основании проекта мероприятий по сохранению, развитию и воспроизводству насаждений.	На территориях инклюзивных площадок для людей с ограниченными возможностями породный состав определяется на основании проекта мероприятий по сохранению, развитию и воспроизводству насаждений.	На территориях инклюзивных площадок для людей с ограниченными возможностями породный состав определяется на основании проекта мероприятий по сохранению, развитию и воспроизводству насаждений.	На территориях инклюзивных площадок для людей с ограниченными возможностями породный состав определяется на основании проекта мероприятий по сохранению, развитию и воспроизводству насаждений.	На территориях инклюзивных площадок для людей с ограниченными возможностями породный состав определяется на основании проекта мероприятий по сохранению, развитию и воспроизводству насаждений.	На территориях инклюзивных площадок для людей с ограниченными возможностями породный состав определяется на основании проекта мероприятий по сохранению, развитию и воспроизводству насаждений.	На территориях инклюзивных площадок для людей с ограниченными возможностями породный состав определяется на основании проекта мероприятий по сохранению, развитию и воспроизводству насаждений.
На территориях высших учебных заведений породный состав определяется на основании проекта мероприятий по сохранению, развитию и воспроизводству насаждений.	На территориях высших учебных заведений породный состав определяется на основании проекта мероприятий по сохранению, развитию и воспроизводству насаждений.	На территориях высших учебных заведений породный состав определяется на основании проекта мероприятий по сохранению, развитию и воспроизводству насаждений.	На территориях высших учебных заведений породный состав определяется на основании проекта мероприятий по сохранению, развитию и воспроизводству насаждений.	На территориях высших учебных заведений породный состав определяется на основании проекта мероприятий по сохранению, развитию и воспроизводству насаждений.	На территориях высших учебных заведений породный состав определяется на основании проекта мероприятий по сохранению, развитию и воспроизводству насаждений.	На территориях высших учебных заведений породный состав определяется на основании проекта мероприятий по сохранению, развитию и воспроизводству насаждений.	На территориях высших учебных заведений породный состав определяется на основании проекта мероприятий по сохранению, развитию и воспроизводству насаждений.	На территориях высших учебных заведений породный состав определяется на основании проекта мероприятий по сохранению, развитию и воспроизводству насаждений.	На территориях высших учебных заведений породный состав определяется на основании проекта мероприятий по сохранению, развитию и воспроизводству насаждений.	На территориях высших учебных заведений породный состав определяется на основании проекта мероприятий по сохранению, развитию и воспроизводству насаждений.
*Обозначенный перечень территорий озеленения вне границ ООЗТ, на которых возможна высадка рекомендуемого растения при условии контроля его распространения.	*Обозначенный перечень территорий озеленения вне границ ООЗТ, на которых возможна высадка рекомендуемого растения при условии контроля его распространения.	*Обозначенный перечень территорий озеленения вне границ ООЗТ, на которых возможна высадка рекомендуемого растения при условии контроля его распространения.	*Обозначенный перечень территорий озеленения вне границ ООЗТ, на которых возможна высадка рекомендуемого растения при условии контроля его распространения.	*Обозначенный перечень территорий озеленения вне границ ООЗТ, на которых возможна высадка рекомендуемого растения при условии контроля его распространения.	*Обозначенный перечень территорий озеленения вне границ ООЗТ, на которых возможна высадка рекомендуемого растения при условии контроля его распространения.	*Обозначенный перечень территорий озеленения вне границ ООЗТ, на которых возможна высадка рекомендуемого растения при условии контроля его распространения.	*Обозначенный перечень территорий озеленения вне границ ООЗТ, на которых возможна высадка рекомендуемого растения при условии контроля его распространения.	*Обозначенный перечень территорий озеленения вне границ ООЗТ, на которых возможна высадка рекомендуемого растения при условии контроля его распространения.	*Обозначенный перечень территорий озеленения вне границ ООЗТ, на которых возможна высадка рекомендуемого растения при условии контроля его распространения.	*Обозначенный перечень территорий озеленения вне границ ООЗТ, на которых возможна высадка рекомендуемого растения при условии контроля его распространения.
