Ассортимент перспективных видов деревьев, кустарников и лиан для увеличения биоразнообразия городских насаждений1	Ассортимент перспективных видов деревьев, кустарников и лиан для увеличения биоразнообразия городских насаждений1	Ассортимент перспективных видов деревьев, кустарников и лиан для увеличения биоразнообразия городских насаждений1	Ассортимент перспективных видов деревьев, кустарников и лиан для увеличения биоразнообразия городских насаждений1	Ассортимент перспективных видов деревьев, кустарников и лиан для увеличения биоразнообразия городских насаждений1	Ассортимент перспективных видов деревьев, кустарников и лиан для увеличения биоразнообразия городских насаждений1	Ассортимент перспективных видов деревьев, кустарников и лиан для увеличения биоразнообразия городских насаждений1	Ассортимент перспективных видов деревьев, кустарников и лиан для увеличения биоразнообразия городских насаждений1	Ассортимент перспективных видов деревьев, кустарников и лиан для увеличения биоразнообразия городских насаждений1	Ассортимент перспективных видов деревьев, кустарников и лиан для увеличения биоразнообразия городских насаждений1	Ассортимент перспективных видов деревьев, кустарников и лиан для увеличения биоразнообразия городских насаждений1	Ассортимент перспективных видов деревьев, кустарников и лиан для увеличения биоразнообразия городских насаждений1
№ п/п	Наименование растений	Дворовые территории	Дворовые территории	Дошкольные учреждения	Дошкольные учреждения	Общеобразовательные и спортивные учреждения (школы, колледжи)	Учреждения здравоохранения и реабилитационные центры	Магистрали (в т.ч. шоссе, проспекты, улицы с высокоскоростным движением, кольцевые дороги и хорды) *Внутриквартальные улицы и проезды местного значения	Площади, пространства общественно-делового и торгово-развлекательного назначения (запечатанные и полузапечатанные поверхности)	Парки *Бульвары, скверы, набережные, сады	Территории производственного назначения *Озелененные территории охранных и санитарно-защитных зон
1	2	3	3	4	4	5	6	7	8	9	10
Основной ассортимент	Основной ассортимент	Основной ассортимент	Основной ассортимент	Основной ассортимент	Основной ассортимент	Основной ассортимент	Основной ассортимент	Основной ассортимент	Основной ассортимент	Основной ассортимент	Основной ассортимент
[1] - Разрешён на всех территориях, кроме ООЗТ и ПТ, с контролем распространения (п. 5 ПП №369-ПП)	[1] - Разрешён на всех территориях, кроме ООЗТ и ПТ, с контролем распространения (п. 5 ПП №369-ПП)	[1] - Разрешён на всех территориях, кроме ООЗТ и ПТ, с контролем распространения (п. 5 ПП №369-ПП)	[1] - Разрешён на всех территориях, кроме ООЗТ и ПТ, с контролем распространения (п. 5 ПП №369-ПП)	[1] - Разрешён на всех территориях, кроме ООЗТ и ПТ, с контролем распространения (п. 5 ПП №369-ПП)	[1] - Разрешён на всех территориях, кроме ООЗТ и ПТ, с контролем распространения (п. 5 ПП №369-ПП)	[1] - Разрешён на всех территориях, кроме ООЗТ и ПТ, с контролем распространения (п. 5 ПП №369-ПП)	[1] - Разрешён на всех территориях, кроме ООЗТ и ПТ, с контролем распространения (п. 5 ПП №369-ПП)	[1] - Разрешён на всех территориях, кроме ООЗТ и ПТ, с контролем распространения (п. 5 ПП №369-ПП)	[1] - Разрешён на всех территориях, кроме ООЗТ и ПТ, с контролем распространения (п. 5 ПП №369-ПП)	[1] - Разрешён на всех территориях, кроме ООЗТ и ПТ, с контролем распространения (п. 5 ПП №369-ПП)	[1] - Разрешён на всех территориях, кроме ООЗТ и ПТ, с контролем распространения (п. 5 ПП №369-ПП)
[2] - Не высаживать вблизи детских и спортивных площадок, мест массового пребывания детей	[2] - Не высаживать вблизи детских и спортивных площадок, мест массового пребывания детей	[2] - Не высаживать вблизи детских и спортивных площадок, мест массового пребывания детей	[2] - Не высаживать вблизи детских и спортивных площадок, мест массового пребывания детей	[2] - Не высаживать вблизи детских и спортивных площадок, мест массового пребывания детей	[2] - Не высаживать вблизи детских и спортивных площадок, мест массового пребывания детей	[2] - Не высаживать вблизи детских и спортивных площадок, мест массового пребывания детей	[2] - Не высаживать вблизи детских и спортивных площадок, мест массового пребывания детей	[2] - Не высаживать вблизи детских и спортивных площадок, мест массового пребывания детей	[2] - Не высаживать вблизи детских и спортивных площадок, мест массового пребывания детей	[2] - Не высаживать вблизи детских и спортивных площадок, мест массового пребывания детей	[2] - Не высаживать вблизи детских и спортивных площадок, мест массового пребывания детей
[3] - Требует особого ухода: защита корневой системы от травм, весеннее дождевание кроны (при посадке у дорог), мульчирование, рыхление	[3] - Требует особого ухода: защита корневой системы от травм, весеннее дождевание кроны (при посадке у дорог), мульчирование, рыхление	[3] - Требует особого ухода: защита корневой системы от травм, весеннее дождевание кроны (при посадке у дорог), мульчирование, рыхление	[3] - Требует особого ухода: защита корневой системы от травм, весеннее дождевание кроны (при посадке у дорог), мульчирование, рыхление	[3] - Требует особого ухода: защита корневой системы от травм, весеннее дождевание кроны (при посадке у дорог), мульчирование, рыхление	[3] - Требует особого ухода: защита корневой системы от травм, весеннее дождевание кроны (при посадке у дорог), мульчирование, рыхление	[3] - Требует особого ухода: защита корневой системы от травм, весеннее дождевание кроны (при посадке у дорог), мульчирование, рыхление	[3] - Требует особого ухода: защита корневой системы от травм, весеннее дождевание кроны (при посадке у дорог), мульчирование, рыхление	[3] - Требует особого ухода: защита корневой системы от травм, весеннее дождевание кроны (при посадке у дорог), мульчирование, рыхление	[3] - Требует особого ухода: защита корневой системы от травм, весеннее дождевание кроны (при посадке у дорог), мульчирование, рыхление	[3] - Требует особого ухода: защита корневой системы от травм, весеннее дождевание кроны (при посадке у дорог), мульчирование, рыхление	[3] - Требует особого ухода: защита корневой системы от травм, весеннее дождевание кроны (при посадке у дорог), мульчирование, рыхление
[4] - Требует дренированных, рыхлых, незасоленных, неуплотнённых почв. Не высаживать в зонах с застойным увлажнением и на уплотнённых грунтах	[4] - Требует дренированных, рыхлых, незасоленных, неуплотнённых почв. Не высаживать в зонах с застойным увлажнением и на уплотнённых грунтах	[4] - Требует дренированных, рыхлых, незасоленных, неуплотнённых почв. Не высаживать в зонах с застойным увлажнением и на уплотнённых грунтах	[4] - Требует дренированных, рыхлых, незасоленных, неуплотнённых почв. Не высаживать в зонах с застойным увлажнением и на уплотнённых грунтах	[4] - Требует дренированных, рыхлых, незасоленных, неуплотнённых почв. Не высаживать в зонах с застойным увлажнением и на уплотнённых грунтах	[4] - Требует дренированных, рыхлых, незасоленных, неуплотнённых почв. Не высаживать в зонах с застойным увлажнением и на уплотнённых грунтах	[4] - Требует дренированных, рыхлых, незасоленных, неуплотнённых почв. Не высаживать в зонах с застойным увлажнением и на уплотнённых грунтах	[4] - Требует дренированных, рыхлых, незасоленных, неуплотнённых почв. Не высаживать в зонах с застойным увлажнением и на уплотнённых грунтах	[4] - Требует дренированных, рыхлых, незасоленных, неуплотнённых почв. Не высаживать в зонах с застойным увлажнением и на уплотнённых грунтах	[4] - Требует дренированных, рыхлых, незасоленных, неуплотнённых почв. Не высаживать в зонах с застойным увлажнением и на уплотнённых грунтах	[4] - Требует дренированных, рыхлых, незасоленных, неуплотнённых почв. Не высаживать в зонах с застойным увлажнением и на уплотнённых грунтах	[4] - Требует дренированных, рыхлых, незасоленных, неуплотнённых почв. Не высаживать в зонах с застойным увлажнением и на уплотнённых грунтах
[5] - Чувствительно к противогололёдным реагентам и выхлопным газам	[5] - Чувствительно к противогололёдным реагентам и выхлопным газам	[5] - Чувствительно к противогололёдным реагентам и выхлопным газам	[5] - Чувствительно к противогололёдным реагентам и выхлопным газам	[5] - Чувствительно к противогололёдным реагентам и выхлопным газам	[5] - Чувствительно к противогололёдным реагентам и выхлопным газам	[5] - Чувствительно к противогололёдным реагентам и выхлопным газам	[5] - Чувствительно к противогололёдным реагентам и выхлопным газам	[5] - Чувствительно к противогололёдным реагентам и выхлопным газам	[5] - Чувствительно к противогололёдным реагентам и выхлопным газам	[5] - Чувствительно к противогололёдным реагентам и выхлопным газам	[5] - Чувствительно к противогололёдным реагентам и выхлопным газам
[6] - Не высаживать вблизи плодовых культур (яблоня, груша, айва) из-за риска распространения ржавчинных грибов	[6] - Не высаживать вблизи плодовых культур (яблоня, груша, айва) из-за риска распространения ржавчинных грибов	[6] - Не высаживать вблизи плодовых культур (яблоня, груша, айва) из-за риска распространения ржавчинных грибов	[6] - Не высаживать вблизи плодовых культур (яблоня, груша, айва) из-за риска распространения ржавчинных грибов	[6] - Не высаживать вблизи плодовых культур (яблоня, груша, айва) из-за риска распространения ржавчинных грибов	[6] - Не высаживать вблизи плодовых культур (яблоня, груша, айва) из-за риска распространения ржавчинных грибов	[6] - Не высаживать вблизи плодовых культур (яблоня, груша, айва) из-за риска распространения ржавчинных грибов	[6] - Не высаживать вблизи плодовых культур (яблоня, груша, айва) из-за риска распространения ржавчинных грибов	[6] - Не высаживать вблизи плодовых культур (яблоня, груша, айва) из-за риска распространения ржавчинных грибов	[6] - Не высаживать вблизи плодовых культур (яблоня, груша, айва) из-за риска распространения ржавчинных грибов	[6] - Не высаживать вблизи плодовых культур (яблоня, груша, айва) из-за риска распространения ржавчинных грибов	[6] - Не высаживать вблизи плодовых культур (яблоня, груша, айва) из-за риска распространения ржавчинных грибов
[7] - Вид с потенциалом самосева и неконтролируемого распространения. За пределами ООЗТ посадка допускается при условии регулярного контроля	[7] - Вид с потенциалом самосева и неконтролируемого распространения. За пределами ООЗТ посадка допускается при условии регулярного контроля	[7] - Вид с потенциалом самосева и неконтролируемого распространения. За пределами ООЗТ посадка допускается при условии регулярного контроля	[7] - Вид с потенциалом самосева и неконтролируемого распространения. За пределами ООЗТ посадка допускается при условии регулярного контроля	[7] - Вид с потенциалом самосева и неконтролируемого распространения. За пределами ООЗТ посадка допускается при условии регулярного контроля	[7] - Вид с потенциалом самосева и неконтролируемого распространения. За пределами ООЗТ посадка допускается при условии регулярного контроля	[7] - Вид с потенциалом самосева и неконтролируемого распространения. За пределами ООЗТ посадка допускается при условии регулярного контроля	[7] - Вид с потенциалом самосева и неконтролируемого распространения. За пределами ООЗТ посадка допускается при условии регулярного контроля	[7] - Вид с потенциалом самосева и неконтролируемого распространения. За пределами ООЗТ посадка допускается при условии регулярного контроля	[7] - Вид с потенциалом самосева и неконтролируемого распространения. За пределами ООЗТ посадка допускается при условии регулярного контроля	[7] - Вид с потенциалом самосева и неконтролируемого распространения. За пределами ООЗТ посадка допускается при условии регулярного контроля	[7] - Вид с потенциалом самосева и неконтролируемого распространения. За пределами ООЗТ посадка допускается при условии регулярного контроля
Хвойные деревья	Хвойные деревья	Хвойные деревья	Хвойные деревья	Хвойные деревья	Хвойные деревья	Хвойные деревья	Хвойные деревья	Хвойные деревья	Хвойные деревья	Хвойные деревья	Хвойные деревья
1	Пихта белокорая/почкочешуйная	+	+	+	+	+	+	-	+	+	+
2	Пихта цельнолистная	+	+	+	+	+	+	+	+	+	-
3	Сосна Мюррея	+	+	+	+	+	+	-	+	+	+
4	Тсуга канадская [3], [4], [5]	+	+	+	+	+	+	-	+	+	-
5	Плосковеточник восточный	+	+	+	+	+	+	+	+	+	+
Хвойные кустарники	Хвойные кустарники	Хвойные кустарники	Хвойные кустарники	Хвойные кустарники	Хвойные кустарники	Хвойные кустарники	Хвойные кустарники	Хвойные кустарники	Хвойные кустарники	Хвойные кустарники	Хвойные кустарники
1	Тисс остроконечный [2] (сорта)	-	-	-	-	-	+	-	+	+	+
2	Тисс средний [2] (сорта)	-	-	-	-	-	+	-	+	+	+
3	Тисс ягодный [2] (малорослые сорта)	-	-	-	-	-	+	-	+	+	-
Лиственные деревья	Лиственные деревья	Лиственные деревья	Лиственные деревья	Лиственные деревья	Лиственные деревья	Лиственные деревья	Лиственные деревья	Лиственные деревья	Лиственные деревья	Лиственные деревья	Лиственные деревья
1	Абрикос маньчжурский [2] (мелкоплодная форма)	+	+	-	-	-	+	-	+	+	-
2	Берёза аллеганская	+	+	+	+	+	-	+	+	+	+
3	Берёза даурская	+	+	+	+	+	-	+	+	+	+
4	Берёза плосколистная	+	+	+	+	+	-	+	+	+	+
5	Боярышник согнутостолбиковый	+	+	-	-	-	+	+	+	+	+
6	Вяз Андросова	+	+	+	+	+	+	-	+	+	+
7	Вяз японский/Давида	+	+	+	+	+	+	+	+	+	+
8	Ива волчниковая	+	+	+	+	+	+	+	+	+	+
9	Ива каспийская	+	+	+	+	+	+	+	+	+	+
10	Ива тонкостолбиковая	+	+	+	+	+	+	+	+	+	+
11	Клён бородатый	+	+	+	+	+	+	+	+	+	+
12	Конский каштан голый	+	+	-	-	+	+	-	+	+	-
13	Лещина древовидная	+	+	-	-	-	-	-	+	+	+
14	Магнолия кобус	+	+	+	+	+	+	-	+	+	-
15	Рябина Альбова [2]	+	+	-	-	-	+	-	+	+	-
16	Рябина Вильморена [2]	+	+	-	-	-	+	-	+	+	+
17	Рябина кавказская [2]	+	+	-	-	-	+	-	+	+	+
18	Рябина Кёне [2]	+	+	-	-	-	+	-	+	+	+
19	Рябина смешанная [2]	+	+	-	-	-	+	-	+	+	+
20	Черёмуха Грея [2]	+	+	-	-	-	+	-	+	+	+
21	Черёмуха Сьори [2]	+	+	-	-	-	+	-	+	+	+
22	Слива Саржента [2]	+	+	-	-	-	+	+	+	+	+
23	Чозения арбутолистная	+	+	-	-	+	+	-	+	+	+
24	Яблоня Сиверса [2]	+	+	-	-	+	+	-	+	+	+
Лиственные кустарники	Лиственные кустарники	Лиственные кустарники	Лиственные кустарники	Лиственные кустарники	Лиственные кустарники	Лиственные кустарники	Лиственные кустарники	Лиственные кустарники	Лиственные кустарники	Лиственные кустарники	Лиственные кустарники
1	Акантопанакс сидячецветковый [2]	Акантопанакс сидячецветковый [2]	+	+	-	-	+	-	+	+	+
2	Аралия высокая [2]	Аралия высокая [2]	+	+	-	+	+	-	+	+	+
3	Арония арбутолистная [2]	Арония арбутолистная [2]	+	+	-	-	+	-	+	+	+
4	Барбарис выемчатый [2]	Барбарис выемчатый [2]	+	+	-	-	+	-	+	+	+
5	Барбарис Дильса [2]	Барбарис Дильса [2]	+	+	-	-	+	-	+	+	+
6	Бересклет большекрылый [2]	Бересклет большекрылый [2]	+	+	-	-	+	-	+	+	+
7	Бересклет Гамильтона [2]	Бересклет Гамильтона [2]	+	+	-	-	+	-	+	+	+
8	Бересклет малоцветковый [2]	Бересклет малоцветковый [2]	+	+	-	-	+	-	+	+	+
9	Вейгела ранняя	Вейгела ранняя	+	+	+	+	+	-	+	+	-
10	Восковница пенсильваннская	Восковница пенсильваннская	+	+	-	-	+	-	+	+	+
11	Восковница обыкновенная	Восковница обыкновенная	+	+	-	-	+	-	+	+	+
12	Гамамелис виргинский	Гамамелис виргинский	+	+	+	+	+	+	+	+	+
13	Дейция амурская	Дейция амурская	+	+	+	+	+	-	+	+	-
14	Диервилла ручейная	Диервилла ручейная	+	+	+	+	+	-	+	+	+
15	Жимолость мелколистная [2]	Жимолость мелколистная [2]	+	+	-	-	+	-	+	+	+
16	Жимолость Толмачёва [2]	Жимолость Толмачёва [2]	+	+	-	-	+	-	+	+	+
17	Калина сливолистная [2]	Калина сливолистная [2]	+	+	-	-	+	-	+	+	+
18	Лещина Зибольда	Лещина Зибольда	+	+	-	-	-	+	+	+	+
19	Ольха зеленая	Ольха зеленая	+	+	+	+	+	+	+	+	+
20	Птелея трёхлистная	Птелея трёхлистная	+	+	+	+	+	-	+	+	+
21	Рододендрон жёлтый [2]	Рододендрон жёлтый [2]	-	-	-	+	+	-	+	+	-
22	Рододендрон короткоплодный [2] (сорта)	Рододендрон короткоплодный [2] (сорта)	-	-	-	+	+	-	+	+	-
23	Рододендрон канадский гибридные [2] (сорта)	Рододендрон канадский гибридные [2] (сорта)	-	-	-	+	+	-	+	+	-
24	Рододендрон кэтевбинский [2]	Рододендрон кэтевбинский [2]	-	-	-	+	+	-	+	+	-
25	Рододендрон мягкий [2]	Рододендрон мягкий [2]	-	-	-	+	+	-	+	+	-
26	Рододендрон ноготковидный [2]	Рододендрон ноготковидный [2]	-	-	-	+	+	-	+	+	-
27	Рододендрон Смирнова [2]	Рододендрон Смирнова [2]	-	-	-	+	+	-	+	+	-
28	Рододендрон Фори [2]	Рододендрон Фори [2]	-	-	-	+	+	-	+	+	-
29	Рододендрон японский [2]	Рододендрон японский [2]	-	-	-	+	+	-	+	+	-
30	Роза даурская [2]	Роза даурская [2]	+	+	-	+	+	+	+	+	+
31	Роза калифорнийская [2]	Роза калифорнийская [2]	+	+	-	-	+	-	+	+	+
32	Роза Федченко [2]	Роза Федченко [2]	+	+	-	-	+	+	+	+	+
33	Сирень пекинская	Сирень пекинская	+	+	+	+	+	+	+	+	+
34	Сирень бархатистая	Сирень бархатистая	+	+	+	+	+	-	+	+	+
35	Сирень мохнатая	Сирень мохнатая	+	+	+	+	+	-	+	+	+
36	Сирень пониклая	Сирень пониклая	+	+	+	+	+	-	+	+	-
37	Сирень юньнаньская	Сирень юньнаньская	+	+	+	+	+	-	+	+	-
38	Спирея длиннопочечная	Спирея длиннопочечная	+	+	+	+	+	+	+	+	+
39	Спирея извилистая	Спирея извилистая	+	+	+	+	+	+	+	+	+
40	Форзиция свисающая	Форзиция свисающая	+	+	+	+	+	-	+	+	+
41	Чубушник Гордона	Чубушник Гордона	+	+	+	+	+	+	+	+	+
42	Чубушник пушистый	Чубушник пушистый	+	+	+	+	+	+	+	+	+
43	Чубушник тонколистный	Чубушник тонколистный	+	+	+	+	+	-	+	+	+
44	Чубушник Шренка	Чубушник Шренка	+	+	+	+	+	-	+	+	+
45	Экзохорда тяньшанская	Экзохорда тяньшанская	+	+	+	+	+	-	+	+	+
Лианы	Лианы	Лианы	Лианы	Лианы	Лианы	Лианы	Лианы	Лианы	Лианы	Лианы	Лианы
1	Актинидия многобрачная/полигамная	Актинидия многобрачная/полигамная	-	-	-	+	+	-	+	+	-
2	Виноград лисий	Виноград лисий	+	+	+	+	+	-	+	+	+
3	Виноград приречный	Виноград приречный	+	+	+	+	+	+	+	+	+
4	Виноградовник аконитолистный	Виноградовник аконитолистный	+	-	-	-	+	-	+	+	+
1 На территориях ботанических, зоологических садов, кладбищ, мемориальных комплексов и религиозных организаций породный состав для озеленения определяется балансодержателем. В границах особо охраняемых природных территорий, особо охраняемых зеленых территорий, природных территорий на участках, занятых естественными растительными сообществами, породный состав определяется на основании проекта мероприятий по сохранению, развитию и воспроизводству насаждений.	1 На территориях ботанических, зоологических садов, кладбищ, мемориальных комплексов и религиозных организаций породный состав для озеленения определяется балансодержателем. В границах особо охраняемых природных территорий, особо охраняемых зеленых территорий, природных территорий на участках, занятых естественными растительными сообществами, породный состав определяется на основании проекта мероприятий по сохранению, развитию и воспроизводству насаждений.	1 На территориях ботанических, зоологических садов, кладбищ, мемориальных комплексов и религиозных организаций породный состав для озеленения определяется балансодержателем. В границах особо охраняемых природных территорий, особо охраняемых зеленых территорий, природных территорий на участках, занятых естественными растительными сообществами, породный состав определяется на основании проекта мероприятий по сохранению, развитию и воспроизводству насаждений.	1 На территориях ботанических, зоологических садов, кладбищ, мемориальных комплексов и религиозных организаций породный состав для озеленения определяется балансодержателем. В границах особо охраняемых природных территорий, особо охраняемых зеленых территорий, природных территорий на участках, занятых естественными растительными сообществами, породный состав определяется на основании проекта мероприятий по сохранению, развитию и воспроизводству насаждений.	1 На территориях ботанических, зоологических садов, кладбищ, мемориальных комплексов и религиозных организаций породный состав для озеленения определяется балансодержателем. В границах особо охраняемых природных территорий, особо охраняемых зеленых территорий, природных территорий на участках, занятых естественными растительными сообществами, породный состав определяется на основании проекта мероприятий по сохранению, развитию и воспроизводству насаждений.	1 На территориях ботанических, зоологических садов, кладбищ, мемориальных комплексов и религиозных организаций породный состав для озеленения определяется балансодержателем. В границах особо охраняемых природных территорий, особо охраняемых зеленых территорий, природных территорий на участках, занятых естественными растительными сообществами, породный состав определяется на основании проекта мероприятий по сохранению, развитию и воспроизводству насаждений.	1 На территориях ботанических, зоологических садов, кладбищ, мемориальных комплексов и религиозных организаций породный состав для озеленения определяется балансодержателем. В границах особо охраняемых природных территорий, особо охраняемых зеленых территорий, природных территорий на участках, занятых естественными растительными сообществами, породный состав определяется на основании проекта мероприятий по сохранению, развитию и воспроизводству насаждений.	1 На территориях ботанических, зоологических садов, кладбищ, мемориальных комплексов и религиозных организаций породный состав для озеленения определяется балансодержателем. В границах особо охраняемых природных территорий, особо охраняемых зеленых территорий, природных территорий на участках, занятых естественными растительными сообществами, породный состав определяется на основании проекта мероприятий по сохранению, развитию и воспроизводству насаждений.	1 На территориях ботанических, зоологических садов, кладбищ, мемориальных комплексов и религиозных организаций породный состав для озеленения определяется балансодержателем. В границах особо охраняемых природных территорий, особо охраняемых зеленых территорий, природных территорий на участках, занятых естественными растительными сообществами, породный состав определяется на основании проекта мероприятий по сохранению, развитию и воспроизводству насаждений.	1 На территориях ботанических, зоологических садов, кладбищ, мемориальных комплексов и религиозных организаций породный состав для озеленения определяется балансодержателем. В границах особо охраняемых природных территорий, особо охраняемых зеленых территорий, природных территорий на участках, занятых естественными растительными сообществами, породный состав определяется на основании проекта мероприятий по сохранению, развитию и воспроизводству насаждений.	1 На территориях ботанических, зоологических садов, кладбищ, мемориальных комплексов и религиозных организаций породный состав для озеленения определяется балансодержателем. В границах особо охраняемых природных территорий, особо охраняемых зеленых территорий, природных территорий на участках, занятых естественными растительными сообществами, породный состав определяется на основании проекта мероприятий по сохранению, развитию и воспроизводству насаждений.	1 На территориях ботанических, зоологических садов, кладбищ, мемориальных комплексов и религиозных организаций породный состав для озеленения определяется балансодержателем. В границах особо охраняемых природных территорий, особо охраняемых зеленых территорий, природных территорий на участках, занятых естественными растительными сообществами, породный состав определяется на основании проекта мероприятий по сохранению, развитию и воспроизводству насаждений.
На территориях инклюзивных площадок для людей с ограниченными возможностями породный состав определяется на основании проекта мероприятий по сохранению, развитию и воспроизводству насаждений.	На территориях инклюзивных площадок для людей с ограниченными возможностями породный состав определяется на основании проекта мероприятий по сохранению, развитию и воспроизводству насаждений.	На территориях инклюзивных площадок для людей с ограниченными возможностями породный состав определяется на основании проекта мероприятий по сохранению, развитию и воспроизводству насаждений.	На территориях инклюзивных площадок для людей с ограниченными возможностями породный состав определяется на основании проекта мероприятий по сохранению, развитию и воспроизводству насаждений.	На территориях инклюзивных площадок для людей с ограниченными возможностями породный состав определяется на основании проекта мероприятий по сохранению, развитию и воспроизводству насаждений.	На территориях инклюзивных площадок для людей с ограниченными возможностями породный состав определяется на основании проекта мероприятий по сохранению, развитию и воспроизводству насаждений.	На территориях инклюзивных площадок для людей с ограниченными возможностями породный состав определяется на основании проекта мероприятий по сохранению, развитию и воспроизводству насаждений.	На территориях инклюзивных площадок для людей с ограниченными возможностями породный состав определяется на основании проекта мероприятий по сохранению, развитию и воспроизводству насаждений.	На территориях инклюзивных площадок для людей с ограниченными возможностями породный состав определяется на основании проекта мероприятий по сохранению, развитию и воспроизводству насаждений.	На территориях инклюзивных площадок для людей с ограниченными возможностями породный состав определяется на основании проекта мероприятий по сохранению, развитию и воспроизводству насаждений.	На территориях инклюзивных площадок для людей с ограниченными возможностями породный состав определяется на основании проекта мероприятий по сохранению, развитию и воспроизводству насаждений.	На территориях инклюзивных площадок для людей с ограниченными возможностями породный состав определяется на основании проекта мероприятий по сохранению, развитию и воспроизводству насаждений.
На территориях высших учебных заведений породный состав определяется на основании проекта мероприятий по сохранению, развитию и воспроизводству насаждений.	На территориях высших учебных заведений породный состав определяется на основании проекта мероприятий по сохранению, развитию и воспроизводству насаждений.	На территориях высших учебных заведений породный состав определяется на основании проекта мероприятий по сохранению, развитию и воспроизводству насаждений.	На территориях высших учебных заведений породный состав определяется на основании проекта мероприятий по сохранению, развитию и воспроизводству насаждений.	На территориях высших учебных заведений породный состав определяется на основании проекта мероприятий по сохранению, развитию и воспроизводству насаждений.	На территориях высших учебных заведений породный состав определяется на основании проекта мероприятий по сохранению, развитию и воспроизводству насаждений.	На территориях высших учебных заведений породный состав определяется на основании проекта мероприятий по сохранению, развитию и воспроизводству насаждений.	На территориях высших учебных заведений породный состав определяется на основании проекта мероприятий по сохранению, развитию и воспроизводству насаждений.	На территориях высших учебных заведений породный состав определяется на основании проекта мероприятий по сохранению, развитию и воспроизводству насаждений.	На территориях высших учебных заведений породный состав определяется на основании проекта мероприятий по сохранению, развитию и воспроизводству насаждений.	На территориях высших учебных заведений породный состав определяется на основании проекта мероприятий по сохранению, развитию и воспроизводству насаждений.	На территориях высших учебных заведений породный состав определяется на основании проекта мероприятий по сохранению, развитию и воспроизводству насаждений.
*Обозначенный перечень территорий озеленения вне границ ООЗТ, на которых возможна высадка рекомендуемого растения при условии контроля его распространения.	*Обозначенный перечень территорий озеленения вне границ ООЗТ, на которых возможна высадка рекомендуемого растения при условии контроля его распространения.	*Обозначенный перечень территорий озеленения вне границ ООЗТ, на которых возможна высадка рекомендуемого растения при условии контроля его распространения.	*Обозначенный перечень территорий озеленения вне границ ООЗТ, на которых возможна высадка рекомендуемого растения при условии контроля его распространения.	*Обозначенный перечень территорий озеленения вне границ ООЗТ, на которых возможна высадка рекомендуемого растения при условии контроля его распространения.	*Обозначенный перечень территорий озеленения вне границ ООЗТ, на которых возможна высадка рекомендуемого растения при условии контроля его распространения.	*Обозначенный перечень территорий озеленения вне границ ООЗТ, на которых возможна высадка рекомендуемого растения при условии контроля его распространения.	*Обозначенный перечень территорий озеленения вне границ ООЗТ, на которых возможна высадка рекомендуемого растения при условии контроля его распространения.	*Обозначенный перечень территорий озеленения вне границ ООЗТ, на которых возможна высадка рекомендуемого растения при условии контроля его распространения.	*Обозначенный перечень территорий озеленения вне границ ООЗТ, на которых возможна высадка рекомендуемого растения при условии контроля его распространения.	*Обозначенный перечень территорий озеленения вне границ ООЗТ, на которых возможна высадка рекомендуемого растения при условии контроля его распространения.	*Обозначенный перечень территорий озеленения вне границ ООЗТ, на которых возможна высадка рекомендуемого растения при условии контроля его распространения.
